geom_class,n,rmse_raw,rmse_corr,mae_raw,mae_corr,bias_raw,bias_corr,improve_pct
hollow,28521.0,2.8699201876642895,2.4974821383060317,1.3263990693739354,1.0032111145747515,0.9276866236297268,-0.011662247307762318,12.97729640563175
slope,27670.0,2.5152535415677946,2.067559595333217,1.190695631008664,0.948154485089027,0.7901214869803452,0.004228653626085654,17.799157772203085
spur,18145.0,3.6719153163282634,2.817082772319081,1.721704915895822,1.350398344530338,1.3037020621564208,0.04733374936516227,23.28029026725957
pit,1841.0,2.8536187474304664,2.429394867608271,1.872242731439787,1.4119513033986355,0.9812192170659759,-0.13663489146942073,14.866172301544726
peak,1135.0,6.540405355697613,4.3822445014339575,3.8670742984840967,2.4099592938859447,3.5335377737839386,0.14013014358807363,32.99735623241752
valley,114.0,4.616033346907045,5.033222412376429,2.26675427025176,2.512770669534737,-0.42808130423227203,-0.2546511509654938,-9.037826075258318
footslope,64.0,5.7621094108649675,5.755626936887462,2.5692351972482577,2.785020248833903,-1.6534793536513737,-1.787364557599366,0.11250175092618103
shoulder,6.0,1.7308344817376662,1.7553363622777003,1.1585317445066146,1.2288799278598894,1.0040941954365945,0.6407456567596969,-1.4156108396590015
flat,5.0,0.18298281705237457,1.8870515623421358,0.13760484055175085,1.7641296507572064,-0.02273684756506782,-1.7641296507572064,-931.2725493793284
